"iso3c","year","gdp","gdp_forc20","gap_dollars","gap_relative"
"AFG",2019,100,100,"0",0
"ALB",2019,100,100,"0",0
"DZA",2019,100,100,"0",0
"ASM",2019,100,100,"0",0
"AND",2019,100,100,"0",0
"AGO",2019,100,100,"0",0
"ATG",2019,100,100,"0",0
"ARG",2019,100,100,"0",0
"ARM",2019,100,100,"0",0
"ABW",2019,100,100,"0",0
"AUS",2019,100,100,"0",0
"AUT",2019,100,100,"0",0
"AZE",2019,100,100,"0",0
"BHS",2019,100,100,"0",0
"BHR",2019,100,100,"0",0
"BGD",2019,100,100,"0",0
"BRB",2019,100,100,"0",0
"BLR",2019,100,100,"0",0
"BEL",2019,100,100,"0",0
"BLZ",2019,100,100,"0",0
"BEN",2019,100,100,"0",0
"BMU",2019,100,100,"0",0
"BTN",2019,100,100,"0",0
"BOL",2019,100,100,"0",0
"BIH",2019,100,100,"0",0
"BWA",2019,100,100,"0",0
"BRA",2019,100,100,"0",0
"BRN",2019,100,100,"0",0
"BGR",2019,100,100,"0",0
"BFA",2019,100,100,"0",0
"BDI",2019,100,100,"0",0
"CPV",2019,100,100,"0",0
"KHM",2019,100,100,"0",0
"CMR",2019,100,100,"0",0
"CAN",2019,100,100,"0",0
"CYM",2019,100,100,"0",0
"CAF",2019,100,100,"0",0
"TCD",2019,100,100,"0",0
"CHL",2019,100,100,"0",0
"CHN",2019,100,100,"0",0
"COL",2019,100,100,"0",0
"COM",2019,100,100,"0",0
"COD",2019,100,100,"0",0
"COG",2019,100,100,"0",0
"CRI",2019,100,100,"0",0
"CIV",2019,100,100,"0",0
"HRV",2019,100,100,"0",0
"CUB",2019,100,100,"0",0
"CUW",2019,100,100,"0",0
"CYP",2019,100,100,"0",0
"DNK",2019,100,100,"0",0
"DJI",2019,100,100,"0",0
"DMA",2019,100,100,"0",0
"DOM",2019,100,100,"0",0
"ECU",2019,100,100,"0",0
"EGY",2019,100,100,"0",0
"SLV",2019,100,100,"0",0
"GNQ",2019,100,100,"0",0
"EST",2019,100,100,"0",0
"SWZ",2019,100,100,"0",0
"ETH",2019,100,100,"0",0
"FJI",2019,100,100,"0",0
"FIN",2019,100,100,"0",0
"FRA",2019,100,100,"0",0
"PYF",2019,100,100,"0",0
"GAB",2019,100,100,"0",0
"GMB",2019,100,100,"0",0
"GEO",2019,100,100,"0",0
"DEU",2019,100,100,"0",0
"GHA",2019,100,100,"0",0
"GRC",2019,100,100,"0",0
"GRL",2019,100,100,"0",0
"GRD",2019,100,100,"0",0
"GUM",2019,100,100,"0",0
"GTM",2019,100,100,"0",0
"GIN",2019,100,100,"0",0
"GNB",2019,100,100,"0",0
"GUY",2019,100,100,"0",0
"HTI",2019,100,100,"0",0
"HND",2019,100,100,"0",0
"HKG",2019,100,100,"0",0
"HUN",2019,100,100,"0",0
"ISL",2019,100,100,"0",0
"IND",2019,100,100,"0",0
"IDN",2019,100,100,"0",0
"IRN",2019,100,100,"0",0
"IRQ",2019,100,100,"0",0
"IRL",2019,100,100,"0",0
"IMN",2019,100,100,"0",0
"ISR",2019,100,100,"0",0
"ITA",2019,100,100,"0",0
"JAM",2019,100,100,"0",0
"JPN",2019,100,100,"0",0
"JOR",2019,100,100,"0",0
"KAZ",2019,100,100,"0",0
"KEN",2019,100,100,"0",0
"KIR",2019,100,100,"0",0
"KOR",2019,100,100,"0",0
"XKX",2019,100,100,"0",0
"KWT",2019,100,100,"0",0
"KGZ",2019,100,100,"0",0
"LAO",2019,100,100,"0",0
"LVA",2019,100,100,"0",0
"LBN",2019,100,100,"0",0
"LSO",2019,100,100,"0",0
"LBR",2019,100,100,"0",0
"LBY",2019,100,100,"0",0
"LTU",2019,100,100,"0",0
"LUX",2019,100,100,"0",0
"MAC",2019,100,100,"0",0
"MDG",2019,100,100,"0",0
"MWI",2019,100,100,"0",0
"MYS",2019,100,100,"0",0
"MDV",2019,100,100,"0",0
"MLI",2019,100,100,"0",0
"MLT",2019,100,100,"0",0
"MHL",2019,100,100,"0",0
"MRT",2019,100,100,"0",0
"MUS",2019,100,100,"0",0
"MEX",2019,100,100,"0",0
"FSM",2019,100,100,"0",0
"MDA",2019,100,100,"0",0
"MCO",2019,100,100,"0",0
"MNG",2019,100,100,"0",0
"MNE",2019,100,100,"0",0
"MAR",2019,100,100,"0",0
"MOZ",2019,100,100,"0",0
"MMR",2019,100,100,"0",0
"NAM",2019,100,100,"0",0
"NRU",2019,100,100,"0",0
"NPL",2019,100,100,"0",0
"NLD",2019,100,100,"0",0
"NZL",2019,100,100,"0",0
"NIC",2019,100,100,"0",0
"NER",2019,100,100,"0",0
"NGA",2019,100,100,"0",0
"MKD",2019,100,100,"0",0
"MNP",2019,100,100,"0",0
"NOR",2019,100,100,"0",0
"OMN",2019,100,100,"0",0
"PAK",2019,100,100,"0",0
"PLW",2019,100,100,"0",0
"PAN",2019,100,100,"0",0
"PNG",2019,100,100,"0",0
"PRY",2019,100,100,"0",0
"PER",2019,100,100,"0",0
"PHL",2019,100,100,"0",0
"POL",2019,100,100,"0",0
"PRT",2019,100,100,"0",0
"PRI",2019,100,100,"0",0
"QAT",2019,100,100,"0",0
"ROU",2019,100,100,"0",0
"RUS",2019,100,100,"0",0
"RWA",2019,100,100,"0",0
"WSM",2019,100,100,"0",0
"SMR",2019,100,100,"0",0
"STP",2019,100,100,"0",0
"SAU",2019,100,100,"0",0
"SEN",2019,100,100,"0",0
"SRB",2019,100,100,"0",0
"SYC",2019,100,100,"0",0
"SLE",2019,100,100,"0",0
"SGP",2019,100,100,"0",0
"SVK",2019,100,100,"0",0
"SVN",2019,100,100,"0",0
"SLB",2019,100,100,"0",0
"SOM",2019,100,100,"0",0
"ZAF",2019,100,100,"0",0
"ESP",2019,100,100,"0",0
"LKA",2019,100,100,"0",0
"KNA",2019,100,100,"0",0
"LCA",2019,100,100,"0",0
"VCT",2019,100,100,"0",0
"SDN",2019,100,100,"0",0
"SUR",2019,100,100,"0",0
"SWE",2019,100,100,"0",0
"CHE",2019,100,100,"0",0
"SYR",2019,100,100,"0",0
"TJK",2019,100,100,"0",0
"TZA",2019,100,100,"0",0
"THA",2019,100,100,"0",0
"TLS",2019,100,100,"0",0
"TGO",2019,100,100,"0",0
"TON",2019,100,100,"0",0
"TTO",2019,100,100,"0",0
"TUN",2019,100,100,"0",0
"TUR",2019,100,100,"0",0
"TKM",2019,100,100,"0",0
"TCA",2019,100,100,"0",0
"TUV",2019,100,100,"0",0
"UGA",2019,100,100,"0",0
"UKR",2019,100,100,"0",0
"ARE",2019,100,100,"0",0
"GBR",2019,100,100,"0",0
"USA",2019,100,100,"0",0
"URY",2019,100,100,"0",0
"UZB",2019,100,100,"0",0
"VUT",2019,100,100,"0",0
"VNM",2019,100,100,"0",0
"VIR",2019,100,100,"0",0
"PSE",2019,100,100,"0",0
"ZMB",2019,100,100,"0",0
"ZWE",2019,100,100,"0",0
"AFG",2020,97.6488993265539,103,"-1181094929",-5.2
"ALB",2020,96.5183696268568,103.4,"-892388694",-7
"DZA",2020,94.8999999998131,101.9,"-12414891928",-6.869
"ASM",2020,105.065359477124,NA,NA,NA
"AND",2020,88.8160600644616,NA,NA,NA
"AGO",2020,94.3999999995806,101.5,"-5902850193",-6.995
"ATG",2020,79.8076294277934,103.322,"-383334994",-22.8
"ARG",2020,90.0567648655394,98.7,"-49391830896",-8.76
"ARM",2020,92.8,105.1,"-1582701969",-11.7
"ABW",2020,81.4109002235524,101,"-662285707",-19.395
"AUS",2020,99.949114663916,102.263,"-34518058409",-2.263
"AUT",2020,93.5460315331087,101.7,"-33775559573",-8.02
"AZE",2020,95.6999998976928,102.3,"-3538426678",-6.452
"BHS",2020,76.1773924101241,99.443,"-2925595896",-23.4
"BHR",2020,95.064145020585,102.1,"-2461511114",-6.89
"BGD",2020,103.448021454827,107.2,"-9675171883",-3.5
"BRB",2020,86.6889784741766,100.6,"-669143931",-13.83
"BLR",2020,99.3003923863543,100.9,"-943984026",-1.59
"BEL",2020,94.6386133666515,101.3,"-32984364111",-6.576
"BLZ",2020,86.5970409051348,102.1,"-356338601",-15.18
"BEN",2020,103.848523092436,106.7,"-404333933",-2.67
"BMU",2020,93.1620448086341,NA,NA,NA
"BTN",2020,89.9903007399414,105.6,"-385707007",-14.8
"BOL",2020,91.2621155660086,103,"-4483077206",-11.396
"BIH",2020,96.880709484642,103.4,"-1199839501",-6.305
"BWA",2020,91.2735913739952,104.1,"-2079380234",-12.321
"BRA",2020,96.1213236660276,102,"-106973415294",-5.76
"BRN",2020,101.133573349525,104.702,"-473845542",-3.41
"BGR",2020,96.0413854018931,103,"-3997325595",-7
"BFA",2020,101.930324889572,106,"-610517563",-3.84
"BDI",2020,100.327156891263,102,"-53662071",-1.64
"CPV",2020,85.2165949898856,105,"-378876694",-18.84
"KHM",2020,96.9039932693883,106.8,"-2351297322",-9.27
"CMR",2020,100.259932915912,104.2,"-1477606586",-3.781
"CAN",2020,94.7669756971944,101.761,"-118630057822",-6.873
"CYM",2020,94.3160243847293,NA,NA,NA
"CAF",2020,100.899999996857,104.969,"-80847341",-3.88
"TCD",2020,98.3999932629449,105.5,"-747350775",-6.7
"CHL",2020,94.0217759382564,102.5,"-22219794262",-8.27
"CHN",2020,102.239701856923,105.9,"-523288829170",-3.46
"COL",2020,92.9518487921344,103.6,"-34222516940",-10.28
"COM",2020,99.80444317285,104.8,"-54593632",-4.767
"COD",2020,101.735422763601,103.9,"-962969714",-2.08
"COG",2020,93.7606803680242,104.6,"-1045711952",-10.36
"CRI",2020,95.9490918293273,102.5,"-4217637836",-6.391
"CIV",2020,101.978821183044,107,"-3005757444",-4.693
"HRV",2020,91.4196569789378,102.6,"-6395813648",-10.9
"CUB",2020,89.0516590258382,NA,NA,NA
"CUW",2020,81.5615281506056,NA,NA,NA
"CYP",2020,95.6275258142479,102.885,"-1815245805",-7.054
"DNK",2020,98.0053924314963,101.905,"-12970193951",-3.827
"DJI",2020,101.202022032965,107.5,"-190748786",-5.9
"DMA",2020,83.395088462217,104.935,"-122104240",-20.5
"DOM",2020,93.2797606271659,105,"-10464696013",-11
"ECU",2020,92.2123929090657,100.2,"-8123567366",-7.972
"EGY",2020,103.569669475049,105.8,"-8877550285",-2.11
"SLV",2020,91.8227825623724,102.5,"-2752562643",-10.417
"GNQ",2020,95.7585186786832,97.7,"-195144630",-2
"EST",2020,99.4489987422528,102.9,"-928169520",-3.3537
"SWZ",2020,98.4403574100052,102.6,"-183225444",-4.054
"ETH",2020,106.059530886434,106.3,"-215556563",-0.226
"FJI",2020,82.9997649802258,101.7,"-975406002",-18.39
"FIN",2020,97.7948606271778,101.465,"-9349465705",-3.62
"FRA",2020,92.2154135083212,101.263,"-236758372970",-8.93
"PYF",2020,90,NA,NA,NA
"GAB",2020,98.1622389364911,103,"-747929549",-4.7
"GMB",2020,100.591487287874,106.3,"-95761877",-5
"GEO",2020,93.239560182945,104.3,"-1964102200",-10.6044
"DEU",2020,96.3032112946198,101.247,"-177810570168",-4.88
"GHA",2020,100.513941648321,106.8,"-3926630954",-5.89
"GRC",2020,90.9959563579784,102.22,"-22887252533",-10.98
"GRL",2020,100.356531660011,NA,NA,NA
"GRD",2020,86.2440705469358,102.9,"-189034863",-16.19
"GUM",2020,88.6078188572439,NA,NA,NA
"GTM",2020,98.2359170743604,103,"-3372220789",-4.6253
"GIN",2020,104.920266372433,106,"-130381169",-1.02
"GNB",2020,97.6000000007827,104.9,"-91157241",-7
"GUY",2020,143.47955593994,186.7,"-2191726718",-23.1
"HTI",2020,96.6566273882403,98.6,"-300720470",-1.97
"HND",2020,91.0352398159543,103.5,"-3036458522",-12
"HKG",2020,93.454991760673,101.464,"-26573246339",-7.89
"HUN",2020,95.452736176768,103,"-11122773254",-7.327
"ISL",2020,93.1577039744208,101.631,"-1766066023",-8.34
"IND",2020,93.4039194776785,105.8,"-332927464904",-12
"IDN",2020,97.9349950590708,105.1,"-75184563320",-6.82
"IRN",2020,103.330288459266,100,"14463534304",3.33
"IRQ",2020,88.6758007383813,105.1,"-33138350668",-15.627
"IRL",2020,106.184538038816,103.501,"9962804081",2.6
"ISR",2020,98.1427107218874,103.069,"-17658788997",-4.7796
"ITA",2020,90.9600465887714,100.537,"-183701061371",-9.53
"JAM",2020,90.0000000000001,101.1,"-1657688239",-11
"JPN",2020,95.4930954577336,100.7,"-237906256502",-5.17
"JOR",2020,98.4305266392019,102.2,"-1579267001",-4
"KAZ",2020,97.5000000000002,103.7,"-13088632266",-5.979
"KEN",2020,99.7498442950316,106,"-5266690237",-5.896
"KIR",2020,99.4529962041632,102.348,"-5124686",-2.829
"KOR",2020,99.290584640602,102.218,"-47946674757",-2.864
"XKX",2020,94.6597246977021,104.2,"-720044706",-9.2
"KWT",2020,91.1447210765092,102.2,"-12654148476",-10.82
"KGZ",2020,91.6016357043827,104,"-982027831",-11.922
"LAO",2020,100.503031829708,105.8,"-979507177",-5
"LVA",2020,97.7970146617488,102.794,"-1536813554",-4.861
"LBN",2020,78.6001000755371,100.3,"-10120171511",-21.6
"LSO",2020,91.6436042662066,100.7,"-216609918",-8.993
"LBR",2020,97.0175087235051,101.4,"-140736435",-4.322
"LBY",2020,76.0702175524204,99.964,"-14563312595",-23.9
"LTU",2020,99.9782370259963,102.718,"-1320513055",-2.67
"LUX",2020,99.2025644107774,102.774,"-2363294007",-3.475
"MAC",2020,45.7640999795252,98.936,"-27157005603",-53.7
"MDG",2020,92.8623283784739,105.3,"-1640076199",-12
"MWI",2020,100.799998330903,104.8,"-299097858",-3.8
"MYS",2020,94.4655437823747,104.5,"-36585793701",-9.6
"MDV",2020,66.5072042135119,105.5,"-2115377402",-37
"MLI",2020,98.7645495529227,105,"-999464207",-5.94
"MLT",2020,91.6757167680279,104.316,"-1807926542",-12.117
"MHL",2020,98.1584035759955,102.302,"-9238285",-4.05
"MRT",2020,99.0614838494758,105.7,"-486015509",-6.28
"MUS",2020,85.4026015693124,103.9,"-2565839304",-17.8
"MEX",2020,92.0120876598523,101.2,"-115084774325",-9
"FSM",2020,98.2345848477487,100.778,"-8455801",-2.52
"MDA",2020,92.6198178462951,103.6,"-1005287303",-10.6
"MCO",2020,87.0348652931854,NA,NA,NA
"MNG",2020,95.4422480266234,105.5,"-1425642722",-9.53
"MNE",2020,84.6931062429594,103.1,"-879804678",-17.853
"MAR",2020,92.8129204185074,103.5,"-13214846725",-10.326
"MOZ",2020,98.7660942892994,103.7,"-897161215",-4.758
"MMR",2020,103.173774400411,106.7,"-2950992076",-3.3
"NAM",2020,91.9637863383654,100.9,"-1004994294",-9
"NRU",2020,101.149425287356,100.734,"372304",0.412
"NPL",2020,97.6303793734715,106.4,"-2683967948",-8.24
"NLD",2020,96.1139160818038,101.639,"-46424541301",-5.436
"NZL",2020,98.7473354705763,102.699,"-7988317424",-3.85
"NIC",2020,98.2100245558288,99.5,"-167404968",-1.3
"NER",2020,103.550227506162,106,"-299169112",-2.3
"NGA",2020,98.2057469176641,102.1,"-19836228215",-3.81
"MKD",2020,93.889113288973,103.2,"-1041468293",-9.02
"NOR",2020,99.2828173307552,102.441,"-12837003120",-3.08
"OMN",2020,96.6202856000776,103.7,"-5879957015",-6.83
"PAK",2020,98.7259125566129,102.4,"-11919180305",-3.59
"PLW",2020,90.8927931158121,101.8,"-29465836",-10.7
"PAN",2020,82.0551064027506,104.2,"-14174179798",-21.25
"PNG",2020,96.8326188237033,102.9,"-1499848081",-5.9
"PRY",2020,99.1802146090282,103.1,"-1594451124",-3.8
"PER",2020,89.0473010674983,103.2,"-30431158572",-13.71
"PHL",2020,90.481705259301,106.1,"-61883555154",-14.72
"POL",2020,97.9799292664235,103.6,"-32118879427",-5.42
"PRT",2020,91.6994839577884,101.6,"-22015023237",-9.745
"PRI",2020,95.6465736633808,99.307,"-3528275753",-3.69
"QAT",2020,96.3595502015078,101.5,"-8611031054",-5.064
"ROU",2020,96.3224892087822,103.4,"-15427922040",-6.84
"RUS",2020,97.3362424888861,101.6,"-62316952930",-4.2
"RWA",2020,96.641146680361,108.1,"-1281431770",-10.6
"WSM",2020,96.8915559894686,104.399,"-70337637",-7.19
"SMR",2020,93.3520891821939,100.699,"-110843948",-7.296
"STP",2020,103.024567669028,103.5,"-1710382",-0.46
"SAU",2020,95.8623296244738,101.9,"-41003463036",-5.925
"SEN",2020,101.325505140874,106.8,"-1235080762",-5.13
"SRB",2020,99.0967814984793,103.9,"-2191020559",-4.62
"SYC",2020,92.3073275306639,103.3,"-182351635",-10.64
"SLE",2020,98.0310521795416,104.9,"-348716680",-6.55
"SGP",2020,95.8568943787387,100.993,"-17969069740",-5.086
"SVK",2020,96.6253182340996,102.7,"-6044141266",-5.91
"SVN",2020,95.6786300954892,102.936,"-3656488433",-7.05
"SLB",2020,96.617952515345,102.8,"-91968546",-6.014
"SOM",2020,102.489374345544,103.2,"-48661635",-0.69
"ZAF",2020,93.657528851717,100.9,"-26037957350",-7.178
"ESP",2020,88.674561677713,101.847,"-174392346552",-12.93
"LKA",2020,96.5277031809711,103.3,"-6583163846",-6.56
"KNA",2020,85.4679270088785,103.5,"-190460406",-17.422
"LCA",2020,75.6353812179776,103.2,"-546176833",-26.71
"VCT",2020,94.687353769769,102.3,"-65602595",-7.44
"SDN",2020,96.3701990757423,98.6,"-1879820397",-2.261
"SUR",2020,84.0248036065622,102.5,"-971107575",-18.02
"SWE",2020,97.8297868211413,101.462,"-19970681063",-3.58
"CHE",2020,97.6244367203235,101.26,"-27161648925",-3.5903
"SYR",2020,96.1263183136112,NA,NA,NA
"TJK",2020,104.400049702475,105.5,"-120374628",-1
"TZA",2020,101.996343506277,105.8,"-2294310437",-3.595
"THA",2020,93.8045108404192,102.7,"-40953068454",-8.66
"TLS",2020,131.914487165902,104.6,"535393638",26.11
"TGO",2020,101.752824967191,105.5,"-191041301",-3.552
"TON",2020,100.488645323314,103.682,"-15512159",-3.1
"TTO",2020,92.3216688394766,101.492,"-2171119887",-9.04
"TUN",2020,91.3788645131928,102.2,"-5333404007",-10.588
"TUR",2020,101.940032245491,103,"-10561406374",-1
"TCA",2020,73.2171230725797,NA,NA,NA
"TUV",2020,101.515151515152,104.38,"-1313273",-2.74
"UGA",2020,102.951306421594,106.5,"-1405284332",-3.332
"UKR",2020,96.2471959000502,103.7,"-7597694769",-7.187
"ARE",2020,95.0429475634725,102.6,"-30480331567",-7.37
"GBR",2020,88.9691415448022,101.448,"-396099400746",-12.3
"USA",2020,97.2321974885942,101.8,"-910316229546",-4.487
"URY",2020,93.87852372001,102.5,"-4786069818",-8.41
"UZB",2020,101.886245258789,105.7,"-4048736761",-3.608
"VUT",2020,94.6037457852832,103.1,"-73424554",-8.241
"VNM",2020,102.865411946121,106.5,"-11447049967",-3.412759
"VIR",2020,97.8529931800959,NA,NA,NA
"PSE",2020,88.6815338934866,102.5,"-2187325000",-13
"ZMB",2020,97.2149449345484,102.6,"-1297252315",-5.248592
"ZWE",2020,92.1830493531866,102.7,"-2168708665",-10.24
"ABW",2021,95.384267137923,102.111,"-227423367",-6.588
"AFG",2021,77.4355771659573,106.605,"-6438274946",-27.4
"AGO",2021,95.1551999995773,103.936,"-7300246053",-8.448
"ALB",2021,104.72243104514,107.1224,"-311220604",-2
"ARE",2021,98.7496225184479,105.678,"-27944657607",-6.56
"ARG",2021,99.4226684115555,100.0818,"-3766612321",-0.66
"ARM",2021,98.0896,110.5652,"-1605297292",-11.28
"ATG",2021,84.0134914986381,105.91434898,"-357031248",-20.7
"AUS",2021,104.852618229328,104.90343066,"-758009233",-0.048
"AUT",2021,97.850084443947,103.27635,"-22476804551",-5.25
"AZE",2021,101.059199891964,104.4483,"-1816982129",-3.245
"BDI",2021,102.133045715306,104.142,"-64443968",-1.929
"BEL",2021,100.548794771399,102.621965,"-10265460549",-2.02
"BEN",2021,111.325616755092,113.8489,"-357796704",-2.22
"BFA",2021,108.963517306952,112.36,"-509527734",-3.02
"BGD",2021,110.585934935211,115.0256,"-11448498996",-3.86
"BGR",2021,103.340530692437,106.193,"-1638580268",-3
"BHR",2021,97.1555562110379,104.5504,"-2587104230",-7.07
"BHS",2021,86.6136951703112,101.53229743,"-1875979442",-14.7
"BIH",2021,104.14676269599,107.4326,"-604740252",-3.059
"BLR",2021,101.882202588399,101.4045,"281908894",0.47
"BLZ",2021,100.712358572672,103.9378,"-74137413",-3.1
"BOL",2021,96.8291046155351,106.296,"-3615713134",-8.906
"BRA",2021,100.927389849329,104.55,"-65920108215",-3.46
"BRB",2021,87.2958013234958,102.109,"-712540196",-14.51
"BRN",2021,99.5245381975337,108.4660369,"-1187326998",-8.24
"BTN",2021,87.0206208155233,113.6256,"-657394273",-23.4
"BWA",2021,101.678780790631,108.4722,"-1101329455",-6.263
"CAF",2021,101.908999996826,110.17861147,"-164309683",-7.51
"CAN",2021,99.070344063604,103.54792316,"-75947043378",-4.324
"CHE",2021,101.753950393593,102.900412,"-8565326818",-1.1141
"CHL",2021,105.022323723032,105.575,"-1448458201",-0.52
"CHN",2021,110.521117707334,112.0422,"-217459163404",-1.36
"CIV",2021,109.117338665857,114.597,"-3280212365",-4.782
"CMR",2021,103.869290500885,108.6806,"-1804340498",-4.427
"COD",2021,108.043018974944,107.4326,"271561105",0.57
"COG",2021,91.6979453999277,106.5874,"-1436444460",-13.97
"COL",2021,102.897696612893,107.6404,"-15242763165",-4.41
"COM",2021,102.000140922653,108.6776,"-72974196",-6.144
"CPV",2021,91.1817566391775,110.25,"-365180464",-17.3
"CRI",2021,103.433120992015,105.575,"-1378995051",-2.029
"CYP",2021,100.968323130974,105.6752412,"-1177298473",-4.4541
"DEU",2021,98.8311705911036,102.70394433,"-139289955069",-3.77
"DJI",2021,105.553708980383,116.1,"-319418743",-9.1
"DMA",2021,88.8157692122612,109.31183885,"-116186968",-18.8
"DNK",2021,102.765514341894,103.66082315,"-2977819866",-0.864
"DOM",2021,104.753171184307,110.25,"-4907975064",-5
"DZA",2021,98.2214999998065,104.1418,"-10499983526",-5.685
"ECU",2021,96.0853134112464,101.0016,"-4999968681",-4.868
"EGY",2021,106.987468567725,112.148,"-20540846648",-4.6
"ESP",2021,93.2226799461629,103.58043594,"-137128246767",-10
"EST",2021,107.41784701147,105.7812,"440186995",1.5472
"ETH",2021,112.741281332279,113.1032,"-324423968",-0.32
"FIN",2021,100.751199263937,102.9605941,"-5628304309",-2.15
"FJI",2021,78.7667769662343,104.6493,"-1350034815",-24.73
"FRA",2021,98.4547083862942,102.61789894,"-108942890214",-4.06
"FSM",2021,95.0910781326207,101.52476498,"-21389341",-6.34
"GAB",2021,99.6346725205384,106.296,"-1029857323",-6.27
"GBR",2021,95.5893353671509,103.01334264,"-235650147204",-7.21
"GEO",2021,102.936474441971,108.9935,"-1075600737",-5.5572
"GHA",2021,105.94169449733,112.3536,"-4005242270",-5.71
"GIN",2021,109.012156760958,112.36,"-404262406",-2.98
"GMB",2021,104.916921241253,112.4654,"-126627815",-7
"GNB",2021,102.480000000822,110.145,"-95715103",-7
"GNQ",2021,94.2263823798243,98.677,"-447346116",-4.5
"GRC",2021,98.5813792799795,103.9648954,"-10977674079",-5.18
"GRD",2021,90.2975418626418,105.8841,"-176898136",-14.72
"GTM",2021,106.094790440309,106.296,"-142424696",-0.1893
"GUY",2021,172.175467127928,206.3035,"-1730646760",-16.5
"HKG",2021,99.3828418880526,103.96102904,"-15190057412",-4.4
"HND",2021,102.414644792949,107.1225,"-1146849747",-4
"HRV",2021,103.395632043179,105.0624,"-953489283",-1.59
"HTI",2021,94.916808095252,98.107,"-493655206",-3.25
"HUN",2021,102.229880445318,105.678,"-5081663085",-3.263
"IDN",2021,101.558589876256,110.5652,"-94509083348",-8.15
"IND",2021,101.530060472237,112.2538,"-288012602761",-10
"IRL",2021,120.61289306753,106.7612815,"51424980851",13
"IRN",2021,108.186812016851,101,"31212522102",7.12
"IRQ",2021,91.158723159056,107.9377,"-33854169056",-15.545
"ISL",2021,97.2594376804146,103.71240288,"-1344973969",-6.22
"ISR",2021,106.594760969256,106.3259804,"963471508",0.2528
"ITA",2021,97.0561889111509,101.31515638,"-81693708926",-4.2
"JAM",2021,94.1400000000001,102.3132,"-1220596173",-8
"JOR",2021,100.595998225264,104.6528,"-1699646756",-4
"JPN",2021,97.0754160494682,101.3042,"-193215402944",-4.17
"KAZ",2021,101.4975,107.7443,"-13187430329",-5.798
"KEN",2021,107.231082617159,112.148,"-4143237704",-4.384
"KGZ",2021,94.8992945897404,108.16,"-1050330629",-12.26
"KHM",2021,99.8111130674699,114.0624,"-3386114593",-12.49
"KIR",2021,100.944791147226,104.43896964,"-6185334",-3.346
"KNA",2021,82.4021924670701,106.605,"-255637638",-22.703
"KOR",2021,103.406179373955,105.02695064,"-26545803451",-1.543
"KWT",2021,92.3296024505038,104.244,"-13637517120",-11.43
"LAO",2021,103.015607625451,111.8306,"-1630054783",-7.9
"LBN",2021,73.0980930702495,100.7012,"-12873247219",-27.4
"LBR",2021,101.86838415968,104.8476,"-95672573",-2.8415
"LBY",2021,151.607943581974,99.964,"31477096423",51.7
"LCA",2021,84.6359915829169,106.296,"-429180425",-20.38
"LKA",2021,99.7131173859432,107.1221,"-7202068631",-6.92
"LSO",2021,92.8349711216673,102.8147,"-238694102",-9.707
"LTU",2021,104.980148224407,105.24691716,"-128577496",-0.25
"LUX",2021,106.034645021748,105.5077884,"348632102",0.499
"LVA",2021,102.180276858888,105.7698863,"-1103977713",-3.394
"MAC",2021,53.9970615658418,98.87268096,"-22919764892",-45.4
"MAR",2021,100.14514113157,107.226,"-8755662753",-6.604
"MDA",2021,105.49397252693,107.5368,"-187030460",-1.9
"MDG",2021,96.9482708271267,109.9332,"-1712239552",-12
"MDV",2021,94.2407083705463,111.408,"-931333597",-15.4
"MEX",2021,96.3366557798654,103.0216,"-83733417175",-6
"MHL",2021,99.2381460153314,104.3531551,"-11404082",-4.9
"MKD",2021,97.5507887072429,106.6056,"-1012825002",-8.49
"MLI",2021,101.826250589063,110.145,"-1333390804",-7.55
"MLT",2021,101.116482080799,108.22159104,"-1016236332",-6.565
"MMR",2021,84.6024950083368,113.9556,"-24564730130",-25.8
"MNE",2021,95.7032100545441,105.9868,"-491530546",-9.703
"MNG",2021,96.9693239950494,110.986,"-1986803033",-12.63
"MOZ",2021,101.037714457953,108.0554,"-1276067208",-6.495
"MRT",2021,101.438959461863,111.8306,"-760787253",-9.29
"MUS",2021,88.4770952258076,108.056,"-2715858859",-18.12
"MWI",2021,103.622398284168,110.2496,"-495545253",-6
"MYS",2021,97.3939756396283,109.2025,"-43054075556",-10.81
"NAM",2021,94.4468085695013,102.6153,"-918653872",-8
"NER",2021,104.999930691248,111.936,"-847040981",-6.2
"NGA",2021,101.7411538067,104.2441,"-12749302845",-2.4
"NIC",2021,108.325657085079,100.097,"1067863798",8.2
"NLD",2021,100.795624934148,103.19001114,"-20118840356",-2.32
"NOR",2021,103.135983471362,104.05649457,"-3741583399",-0.88
"NPL",2021,101.730855307157,113.316,"-3545667293",-10.22
"NRU",2021,102.666666666667,102.01634382,"582819",0.637
"NZL",2021,104.238674796095,105.3897138,"-2326833379",-1.09
"OMN",2021,99.61551445368,108.1591,"-7095754564",-7.9
"PAK",2021,104.35328957234,105.472,"-3629230796",-1.06
"PAN",2021,94.6095376823714,108.9932,"-9206484328",-13.2
"PER",2021,100.890592109476,106.812,"-12732221843",-5.54
"PHL",2021,95.6391624590812,112.6782,"-67512890296",-15.122
"PLW",2021,75.3501254930082,104.0396,"-77504658",-27.6
"PNG",2021,96.929451442527,105.8841,"-2213576511",-8.46
"POL",2021,104.64256445654,107.0188,"-13580260201",-2.22
"PRI",2021,98.229031152292,98.53737075,"-297207764",-0.31
"PRT",2021,96.1780867542868,103.124,"-15445098100",-6.735
"PRY",2021,103.246603407998,107.1209,"-1575947645",-3.62
"QAT",2021,97.8049434545304,104.748,"-11630670052",-6.628
"ROU",2021,101.23493615843,106.6054,"-11706813300",-5.04
"RUS",2021,101.958740644683,103.4288,"-21485654241",-1.42
"RWA",2021,107.17503166852,116.748,"-1070535193",-8.2
"SAU",2021,98.929924172457,104.1418,"-35395267471",-5.005
"SDN",2021,94.5391652933032,98.0084,"-2924717670",-3.54
"SEN",2021,107.506360954467,114.276,"-1527273505",-5.92
"SGP",2021,103.155438316736,102.58161989,"2007548927",0.559
"SLB",2021,96.4247166103143,105.6784,"-137664392",-8.756
"SLE",2021,102.050325318903,110.0401,"-405617829",-7.26
"SLV",2021,101.188706383734,105.0625,"-998655282",-3.687
"SMR",2021,98.4323098754889,101.30218701,"-43298268",-2.833
"SOM",2021,105.500512163817,106.812,"-89806978",-1.23
"SRB",2021,106.419042683402,108.056,"-746709136",-1.51
"STP",2021,104.879009887071,107.64,"-9932744",-2.57
"SUR",2021,81.756133909185,104.6525,"-1203496520",-21.88
"SVK",2021,99.5443690979518,105.523223,"-5948795177",-5.67
"SVN",2021,103.53480241263,105.75027024,"-1116221523",-2.09
"SWE",2021,102.794648502314,103.54298562,"-4114516734",-0.72
"SWZ",2021,106.217145645396,105.165,"46345293",1
"SYC",2021,99.5996064055864,106.7089,"-117932315",-6.66
"SYR",2021,93.3386550825164,NA,NA,NA
"TCD",2021,97.2191933437896,110.564,"-1404681991",-12.1
"TGO",2021,107.145724690452,111.3025,"-211923851",-3.735
"THA",2021,95.2115785030254,105.5756,"-47713900181",-9.82
"TJK",2021,114.004854275103,110.775,"353463704",3
"TLS",2021,133.932778819541,109.7254,"474490937",22.06
"TON",2021,97.7754518995842,106.6732257,"-43222159",-8.3
"TTO",2021,91.6717242908467,103.81819664,"-2875735589",-11.7
"TUN",2021,95.3995345517733,104.8572,"-4661391668",-9.02
"TUR",2021,113.561195921477,107.12,"64179393545",6
"TUV",2021,101.819696969697,108.8098872,"-3204369",-6.42
"TZA",2021,106.382186277047,112.2538,"-3541672249",-5.231
"UGA",2021,106.55460214635,112.7835,"-2466646490",-5.523
"UKR",2021,99.5196005606519,108.0554,"-8701744723",-7.899
"URY",2021,98.0091787636905,106.0875,"-4484546288",-7.61
"USA",2021,102.968897140421,103.5306,"-111941623566",-0.543
"UZB",2021,109.42582740794,112.042,"-2777366366",-2.335
"VCT",2021,95.3501652461574,104.6529,"-80167070",-8.89
"VNM",2021,105.53991265672,113.4225,"-24826024256",-6.949756
"VUT",2021,95.0767645142097,105.9868,"-94284431",-10.294
"WSM",2021,90.0122555142163,106.68325012,"-156191422",-15.63
"ZAF",2021,98.2467477654512,102.2117,"-14254700511",-3.879
"ZMB",2021,100.714682952192,105.2676,"-1096791418",-4.325089
"ZWE",2021,97.5296662156714,105.2675,"-1595624791",-7.35
"ABW",2022,99.1519456898709,103.234221,"-138017194",-3.954
"AGO",2022,98.1050111995642,107.05408,"-7440142605",-8.359
"ALB",2022,108.38771613172,110.871684,"-322113325",-2
"ARE",2022,104.575850247036,108.84834,"-17232499758",-3.93
"ARG",2022,104.592647168956,102.3836814,"12623151172",2.16
"ARM",2022,108.6832768,116.3145904,"-981958948",-6.56
"ATG",2022,89.0719438217711,108.0326359596,"-309100207",-17.6
"AUS",2022,108.78563993911,107.734774253513,"15676594924",0.975
"AUT",2022,102.445124409435,104.877133425,"-10073924828",-2.32
"AZE",2022,105.303686287426,106.6417143,"-717350597",-1.255
"BDI",2022,104.277839675328,106.433124,"-69137997",-2.025
"BEL",2022,102.964982309756,103.97554871835,"-5003896668",-0.972
"BEN",2022,117.671176910132,121.4767763,"-539626663",-3.13
"BFA",2022,113.648948551151,119.1016,"-817986543",-4.58
"BGD",2022,118.548122250546,123.4224688,"-12569405746",-3.949
"BGR",2022,106.544087143903,109.484983,"-1689376256",-3
"BHR",2022,100.847467347057,107.0596096,"-2173333198",-5.8
"BHS",2022,93.542790783936,103.290836821488,"-1225794055",-9.4
"BIH",2022,108.31263320383,111.6224714,"-609157484",-2.965
"BLR",2022,95.5655060279187,101.9115225,"-3745004793",-6.23
"BLZ",2022,104.237291122715,105.8086804,"-36118695",-1.49
"BOL",2022,100.024465067848,109.910064,"-3775629543",-8.994
"BRA",2022,103.955211544809,107.0592,"-56482824912",-2.9
"BRB",2022,96.0253814558454,103.9878056,"-383006222",-7.66
"BRN",2022,100.767599679621,112.304649945891,"-1531986048",-10.27
"BTN",2022,91.0235693730374,120.6703872,"-732556418",-24.6
"BWA",2022,105.847610803047,113.0280324,"-1164069162",-6.353
"CAF",2022,103.437634996778,115.674320610124,"-243131849",-10.58
"CAN",2022,102.3347119005,105.32791195912,"-50769554216",-2.842
"CHE",2022,103.995589920764,104.53447054256,"-4026029843",-0.5155
"CHL",2022,107.227792521216,108.74225,"-3969101707",-1.39
"CHN",2022,113.505187885432,118.4286054,"-703868724898",-4.16
"CIV",2022,115.337026969811,122.733387,"-4427578668",-6.026
"CMR",2022,107.816323539918,113.571227,"-2158207734",-5.067
"COD",2022,114.633643132415,111.3001736,"1482982519",3
"COG",2022,93.4402063625263,109.1454976,"-1515151441",-14.39
"COL",2022,111.129512341924,111.8383756,"-2278243836",-0.63
"COM",2022,103.42814289557,112.5899936,"-100124716",-8.137
"CPV",2022,94.8290269047446,115.7625,"-400901922",-18.08
"CRI",2022,107.673878952687,108.9534,"-823787518",-1.174
"CYP",2022,104.500195074095,108.42808123326,"-982446329",-3.6226
"DEU",2022,100.360088800148,104.076069026249,"-133650647734",-3.57
"DJI",2022,109.353642503676,125.8524,"-499702916",-13.1
"DMA",2022,93.9670838265723,113.213178378557,"-109101179",-17
"DNK",2022,105.437417714783,105.366043690818,"237391819",0.068
"DOM",2022,110.305089257076,115.7625,"-4872779695",-5
"DZA",2022,101.855695499799,106.4329196,"-8117963219",-4.301
"ECU",2022,98.6796168733501,102.2136192,"-3594156003",-3.457
"EGY",2022,114.048641493195,118.87688,"-19218196430",-4.06
"ESP",2022,97.255493080634,105.311265024557,"-106651854290",-7.65
"EST",2022,108.492025481584,108.7430736,"-67521045",-0.2309
"ETH",2022,116.687226178909,121.1335272,"-3985665147",-3.671
"FIN",2022,102.909289952171,104.392775963931,"-3779093975",-1.42
"FJI",2022,90.6605602881357,107.788779,"-893409485",-15.89
"FRA",2022,100.933797943461,104.045313914255,"-81422538419",-2.99
"FSM",2022,94.6156227419576,102.13391356988,"-24995199",-7.36
"GAB",2022,102.324808678593,109.803768,"-1156265181",-6.81
"GBR",2022,99.0353309071367,104.560603046453,"-175381185002",-5.28
"GEO",2022,113.230121886168,113.8982075,"-118637997",-0.5866
"GHA",2022,109.649653804736,117.5218656,"-4917432957",-6.7
"GIN",2022,114.026715971962,119.1016,"-612807913",-4.26
"GMB",2022,108.589013484697,118.650997,"-168792551",-8
"GNB",2022,106.066800000851,115.65225,"-119696325",-8
"GNQ",2022,97.2416266159787,93.940504,"331806618",3.5
"GRC",2022,103.705639374953,105.36322324313,"-3380024330",-1.57
"GRD",2022,95.534799290675,109.2723912,"-155913473",-12.57
"GTM",2022,109.70201331528,109.697472,"3214536",0.0041
"GUY",2022,271.692887127871,236.423811,"1788509538",14.9
"HKG",2022,98.5380877320041,106.722233971302,"-27154340162",-7.67
"HND",2022,105.999157360702,110.8717875,"-1186989488",-4
"HRV",2022,110.219743758028,107.5838976,"1507858999",2.45
"HTI",2022,93.4930559738232,99.480498,"-926505996",-6.02
"HUN",2022,107.44360434803,108.425628,"-1447256472",-0.906
"IDN",2022,106.839636549822,116.3145904,"-99423555682",-8.15
"IND",2022,108.535634644821,119.1012818,"-283766640278",-9
"IRL",2022,131.468053443608,109.84241208409,"80286556360",19.7
"IRN",2022,111.32422956534,102.01,"40451954982",9.13
"IRQ",2022,99.0895320738938,110.6361425,"-23297064243",-10.437
"ISL",2022,102.190491170812,105.822950278608,"-757103563",-3.43
"ISR",2022,113.127953869062,109.614642973772,"12593823115",3.2051
"ITA",2022,100.124135042632,102.011191504331,"-36196717264",-1.85
"JAM",2022,97.1524800000001,104.359464,"-1076300236",-7
"JOR",2022,103.110898180896,107.26912,"-1742137925",-4
"JPN",2022,98.7693820595314,101.7094168,"-134331761493",-2.89
"KAZ",2022,104.542425,111.7308391,"-15175243344",-6.434
"KEN",2022,113.128792161103,118.652584,"-4654620128",-4.655
"KGZ",2022,100.118755792176,112.70272,"-996728502",-11.166
"KHM",2022,104.602046494708,121.8186432,"-4090674030",-14.13
"KIR",2022,102.458963014434,106.454641754052,"-7073082",-3.753
"KNA",2022,90.5039760304324,109.483335,"-200465937",-17.335
"KOR",2022,106.081297234359,108.066430591522,"-32513508246",-1.837
"KWT",2022,100.177618658797,106.32888,"-7040887422",-5.79
"LAO",2022,105.590997816087,118.0931136,"-2311871952",-10.6
"LBN",2022,69.150796044456,101.204706,"-14948966008",-31.7
"LBR",2022,105.637514373589,109.2511992,"-116047492",-3.3077
"LBY",2022,153.275630961376,99.964,"32493555524",53.3
"LCA",2022,92.1685948337965,108.847104,"-330474925",-15.32
"LKA",2022,90.5395105864364,111.0856177,"-19972306759",-18.5
"LSO",2022,95.2486803708307,105.6935116,"-249818371",-9.882
"LTU",2022,106.846695259837,107.759161072609,"-439790971",-0.85
"LUX",2022,107.75134592465,108.285808468572,"-353665101",-0.494
"LVA",2022,104.769525074493,108.967309962849,"-1291020941",-3.852
"MAC",2022,41.8828208035452,99.3017883953664,"-29326152046",-57.8
"MAR",2022,101.346882825148,111.300588,"-12308010550",-8.943
"MDA",2022,103.911562939026,111.6231984,"-706036485",-6.91
"MDG",2022,99.468925868632,115.42986,"-2104666290",-14
"MDV",2022,105.926556208494,117.646848,"-635831309",-10
"MEX",2022,98.8414088301419,105.3910968,"-82039241778",-6
"MHL",2022,100.726718205561,106.281601406248,"-12384795",-5.23
"MKD",2022,99.599355270095,109.9103736,"-1153337914",-9.38
"MLI",2022,103.659123099666,115.542105,"-1904692401",-10.28
"MLT",2022,107.423117068179,112.0093467264,"-655963650",-4.095
"MMR",2022,87.1405698585869,121.7045808,"-28925580487",-28.4
"MNE",2022,101.349699447762,109.3783776,"-383751256",-7.34
"MNG",2022,100.848096954851,117.09023,"-2302251917",-13.87
"MOZ",2022,104.776109892897,112.8098376,"-1460820156",-7.121
"MRT",2022,105.496517840338,121.5598622,"-1176021012",-13.21
"MUS",2022,93.6087667489045,112.37824,"-2603579761",-16.7
"MWI",2022,105.17673425843,116.0928288,"-816244784",-9.4
"MYS",2022,104.990705739519,114.1166125,"-33273207320",-8
"NAM",2022,97.0913192094473,104.5649907,"-840512267",-7
"NER",2022,110.249927225811,125.256384,"-1832606236",-12
"NGA",2022,104.895129574708,106.4332261,"-7834630428",-1.45
"NIC",2022,112.767009025567,101.09797,"1514335110",11.5
"NLD",2022,105.376786087406,104.726510405875,"5463944201",0.621
"NOR",2022,106.899415508232,105.753655996437,"4657146203",1.08
"NPL",2022,107.631244914972,120.794856,"-4028761533",-10.9
"NRU",2022,103.590666666667,103.695532839277,"-93981",-0.101
"NZL",2022,106.673690239332,108.12457687311,"-2932977456",-1.34
"OMN",2022,104.098212604096,112.8099413,"-7235403488",-7.72
"PAK",2022,110.61448694668,109.585408,"3338455522",0.94
"PAN",2022,101.421424395502,114.2248736,"-8195044617",-11.21
"PER",2022,103.614638096431,110.657232,"-15142998014",-6.36
"PHL",2022,102.525182156135,119.6642484,"-67909228812",-14.323
"PLW",2022,73.466372355683,106.120392,"-88214883",-30.8
"PNG",2022,100.806629500228,109.060623,"-2040375568",-7.57
"POL",2022,109.246837292628,110.3363828,"-6226786537",-0.99
"PRI",2022,102.944024647602,97.7737061266875,"4983657037",5.29
"PRT",2022,102.178637586887,104.67086,"-5541765106",-2.381
"PRY",2022,102.936863597774,111.1914942,"-3357736134",-7.42
"QAT",2022,101.717141192712,108.099936,"-10692146885",-5.905
"ROU",2022,105.891743221718,109.9101674,"-8759567703",-3.66
"RUS",2022,98.4839867635125,105.2905184,"-99480871158",-6.46
"RWA",2022,113.605533568632,126.08784,"-1395883478",-9.9
"SAU",2022,107.141107878771,106.6412032,"3394988753",0.469
"SDN",2022,94.8227827891831,98.2044168,"-2850866424",-3.443
"SEN",2022,112.666666280282,122.27532,"-2167773221",-7.86
"SGP",2022,106.270732553901,104.854828586762,"4953651464",1.35
"SLB",2022,92.0856043628501,108.5317168,"-244664094",-15.153
"SLE",2022,105.826187355702,115.542105,"-493249132",-8.41
"SLV",2022,103.617235336944,107.6890625,"-1049707885",-3.781
"SMR",2022,101.531943313468,101.80768492318,"-4160155",-0.271
"SOM",2022,107.552497125403,110.55042,"-205289281",-2.71
"SRB",2022,110.152222700736,112.37824,"-1015412825",-1.98
"STP",2022,106.032678995828,112.4838,"-23208100",-5.74
"SUR",2022,82.8189636500044,106.8502025,"-1263148580",-22.49
"SVK",2022,101.336167741715,108.42405640027,"-7052254254",-6.54
"SVN",2022,109.44146289027,108.189928974437,"630561670",1.16
"SWE",2022,105.468337309859,105.586924156139,"-652015718",-0.11
"SWZ",2022,107.385534247495,107.794125,"-17997754",-0.379
"SYC",2022,110.555563110201,110.3370026,"3625585",0.2
"SYR",2022,90.0718021546283,NA,NA,NA
"TCD",2022,100.232988337447,115.871072,"-1646073642",-13.5
"TGO",2022,112.288719475593,117.4241375,"-261817751",-4.373
"THA",2022,98.4487721721283,108.6372924,"-46905927133",-9.38
"TJK",2022,121.98519407436,116.31375,"620662562",5
"TLS",2022,138.352560520586,115.21167,"453586607",20.09
"TON",2022,96.2110446691908,109.261118155482,"-63392526",-11.9
"TTO",2022,95.3725118004682,105.870682387573,"-2485492240",-9.92
"TUN",2022,97.7845229155676,107.5834872,"-4829607340",-9.108
"TUR",2022,118.898572129786,111.4048,"74667151336",7
"TUV",2022,104.874287878788,113.317880826696,"-3870622",-7.45
"TZA",2022,111.275766845791,119.2135356,"-4787947000",-6.658
"UGA",2022,111.562668447228,119.55051,"-3163189025",-6.682
"UKR",2022,64.6877403644237,112.5937268,"-48837331247",-42.548
"URY",2022,102.909637701875,109.4823,"-3648704657",-6
"USA",2022,104.925306186089,105.2906202,"-72803339223",-0.347
"UZB",2022,115.663099570192,118.76452,"-3292512434",-2.611
"VCT",2022,100.117673508465,107.0599167,"-59825343",-6.48
"VNM",2022,113.138786368004,120.68154,"-23755725940",-6.25013
"VUT",2022,97.1684533335223,108.9544304,"-101854311",-10.817
"WSM",2022,84.6115201833634,109.05695243517,"-229030536",-22.42
"ZAF",2022,100.113435972995,103.7448755,"-13055663680",-3.5
"ZMB",2022,103.736123440758,109.478304,"-1383283352",-5.24504
"ZWE",2022,100.845674867004,108.21499,"-1519632270",-6.81
"ABW",2023,101.085408630823,104.369797431,"-111041538",-3.147
"AGO",2023,100.851951513152,110.2657024,"-7826473414",-8.537
"ALB",2023,110.772245886617,114.75219294,"-516107312",-3
"ARE",2023,108.863460107165,112.1137902,"-13109759362",-2.9
"ARG",2023,106.684500112335,104.7385060722,"11120397289",1.86
"ARM",2023,113.1392911488,122.3629491008,"-1186853789",-7.54
"ATG",2023,94.0858035394986,110.193288678792,"-262586775",-14.6
"AUS",2023,110.842776390358,110.612370073825,"3437153332",0.208
"AUT",2023,103.469575653529,106.51321670643,"-12607441409",-2.86
"AZE",2023,108.252189503474,108.8811903003,"-337223207",-0.578
"BDI",2023,107.406174865588,108.774652728,"-43898532",-1.258
"BEL",2023,103.357278892356,105.388576425432,"-10058124702",-1.927
"BEN",2023,124.96678987856,129.6157203121,"-659209380",-3.59
"BFA",2023,119.331395978709,126.247696,"-1037557672",-5.48
"BGD",2023,124.712624607574,132.4323090224,"-19906636645",-5.829
"BGR",2023,108.355336625349,112.879017473,"-2598595594",-4
"BHR",2023,104.074586302163,109.6290402304,"-1943239325",-5.07
"BHS",2023,97.3780452060774,104.942457302263,"-951207180",-7.2
"BIH",2023,111.020449033925,115.9757477846,"-911995434",-4.273
"BLR",2023,93.3674993892766,102.4210801125,"-5342832524",-8.84
"BLZ",2023,106.32203694517,107.7132366472,"-31977002",-1.29
"BOL",2023,103.125223484951,113.647006176,"-4018608669",-9.258
"BRA",2023,104.786853237167,109.6286208,"-88104937716",-4.42
"BRB",2023,100.634599765726,105.90118122304,"-253331577",-4.97
"BRN",2023,104.136260536911,115.031406846577,"-1446748671",-9.47
"BTN",2023,94.7555357173319,128.1519512064,"-825206896",-26.1
"BWA",2023,110.081515235168,117.7752097608,"-1247279483",-6.533
"CAF",2023,106.540764046682,121.44299897895,"-296093898",-12.27
"CAN",2023,103.819588570176,107.118486462425,"-55954687997",-3.08
"CHE",2023,104.82755464013,106.207022071241,"-10306136129",-1.2988
"CHL",2023,106.262742388525,112.0045175,"-15048087990",-5.13
"CHN",2023,118.385910964506,125.1790359078,"-971168538472",-5.43
"CIV",2023,123.179944803758,131.447457477,"-4949064485",-6.29
"CMR",2023,112.452425452135,118.681932215,"-2336193782",-5.249
"COD",2023,121.97019629289,115.3069798496,"2964308930",5.78
"COG",2023,96.8974939979398,111.7649895424,"-1434325983",-13.3
"COL",2023,112.574196002369,116.2000722484,"-11653347969",-3.12
"COM",2023,106.841271611124,116.6432333696,"-107120130",-8.403
"CPV",2023,99.3808201961724,121.550625,"-424579204",-18.24
"CRI",2023,110.796421442315,112.4399088,"-1058118093",-1.462
"CYP",2023,107.07403487877,111.093243469974,"-1005287976",-3.6179
"DEU",2023,100.065030139076,105.361408478723,"-190491970535",-5.03
"DJI",2023,115.149385556371,136.4240016,"-644350806",-15.6
"DMA",2023,98.2895696825946,115.575937411317,"-97991990",-15
"DNK",2023,106.070042221072,106.971822196666,"-2999343134",-0.843
"DOM",2023,115.599733541415,121.550625,"-5313395754",-5
"DZA",2023,104.198376496295,108.7744438312,"-8115911631",-4.207
"ECU",2023,101.738684996424,103.4401826304,"-1730459510",-1.645
"EGY",2023,119.180830360389,126.0094928,"-27180632426",-5.42
"ESP",2023,98.4332571018404,107.046794672162,"-114036216549",-8.05
"EST",2023,110.444881940253,111.7878796608,"-361208083",-1.2014
"ETH",2023,122.871649166391,129.7340076312,"-6151419535",-5.29
"FIN",2023,103.389876336248,105.794770945127,"-6126328563",-2.27
"FJI",2023,95.556230543695,111.02244237,"-806719051",-13.93
"FRA",2023,101.597942333929,105.493624683942,"-101942702139",-3.69
"FSM",2023,97.4540914242163,102.746717051299,"-17595785",-5.15
"GAB",2023,105.394552938951,113.427292344,"-1241880920",-7.08
"GBR",2023,99.3472921994942,106.163517091155,"-216358139218",-6.42
"GEO",2023,117.759326761615,119.0236268375,"-224513184",-1.0622
"GHA",2023,112.610194457464,122.9278714176,"-6445010125",-8.39
"GIN",2023,120.070131918476,126.247696,"-745959934",-4.89
"GMB",2023,112.932574024085,125.176801835,"-205400302",-10
"GNB",2023,110.839806000889,121.4348625,"-132303578",-9
"GNQ",2023,94.7133443239632,89.431359808,"530909519",5.9
"GRC",2023,105.583748504033,106.308331355621,"-1477516592",-0.68
"GRD",2023,98.5919128679766,112.7691077184,"-160902704",-12.57
"GTM",2023,113.102775728053,113.207791104,"-74334356",-0.0928
"GUY",2023,340.159494684094,270.941687406,"3510063833",25.5
"HKG",2023,102.425415293032,109.653893738494,"-23983511147",-6.59
"HND",2023,109.285131238883,114.7523000625,"-1331821160",-5
"HRV",2023,111.101501708093,110.1659111424,"535212819",0.85
"HTI",2023,92.4646323581112,100.873224972,"-1301158565",-8.34
"HUN",2023,107.98082236977,111.244694328,"-4810128355",-2.934
"IDN",2023,111.967939104213,122.3629491008,"-109077983023",-8.5
"IND",2023,115.698986531379,126.3664599898,"-286501438019",-8
"IRL",2023,136.726775581353,112.83342096514,"88705584733",21.2
"IRN",2023,113.773362615778,103.0301,"46658284793",10.43
"IRQ",2023,103.05311335685,113.4020460625,"-20880565048",-9.126
"ISL",2023,105.170365893352,107.989146070811,"-587510679",-2.61
"ISR",2023,116.536499119137,112.957889584472,"12827892782",3.1681
"ITA",2023,99.9429103582052,102.670183801449,"-52313403298",-2.66
"JAM",2023,99.0955296000001,106.44665328,"-1097826241",-7
"JOR",2023,105.585559737237,109.950848,"-1828890946",-4
"JPN",2023,100.362532192152,102.1162544672,"-80128509754",-1.72
"KAZ",2023,108.201409875,115.8648801467,"-16178120044",-6.614
"KEN",2023,118.785231769158,125.534433872,"-5687211407",-5.376
"KGZ",2023,103.622912244902,117.43623424,"-1094101311",-11.762
"KHM",2023,110.041352912433,130.1023109376,"-4766496039",-15.42
"KIR",2023,104.815519163766,108.517732711246,"-6553594",-3.412
"KNA",2023,94.8771281522229,112.39449687765,"-185023938",-15.586
"KOR",2023,108.249598949829,111.172259806722,"-47868803134",-2.629
"KWT",2023,102.682059125266,108.4554576,"-6608376144",-5.32
"LAO",2023,109.603455733099,124.7063279616,"-2792799819",-12.1
"LBR",2023,110.602477549147,113.8397495664,"-103959619",-2.8437
"LBY",2023,93.7178739819993,99.964,"-3807027452",-6.2
"LCA",2023,96.2240130064836,111.459434496,"-301880985",-13.67
"LKA",2023,86.7368511418061,115.1957855549,"-27664148979",-24.7
"LSO",2023,97.4394000193598,108.6529299248,"-268204025",-10.321
"LTU",2023,108.036967445031,110.234389002447,"-1059114924",-1.99
"LUX",2023,108.958160999006,111.10232234684,"-1418836637",-1.93
"LVA",2023,106.45421903769,112.259212396827,"-1785314919",-5.171
"MAC",2023,65.6098576169616,99.6453725832144,"-17383292120",-34.2
"MAR",2023,104.894023724029,115.530010344,"-13151668974",-9.206
"MDA",2023,105.574147946051,115.8648799392,"-942164899",-8.88
"MDG",2023,103.646620755115,121.201353,"-2314830253",-14
"MDV",2023,114.612533817591,124.235071488,"-522027168",-7.7
"MEX",2023,99.7309815096132,107.8150920264,"-101258914974",-7
"MHL",2023,102.942706006084,108.030996565395,"-11344512",-4.71
"MKD",2023,101.989739796577,113.3175951816,"-1267076120",-10
"MLI",2023,107.805488023653,121.203668145,"-2147559601",-11.05
"MLT",2023,110.984193398989,115.694454233699,"-673703700",-4.071
"MMR",2023,89.7547869543445,129.9804922944,"-33663682130",-30.9
"MNE",2023,104.795589228986,112.8784856832,"-386342759",-7.161
"MNG",2023,106.193046093458,123.53019265,"-2457465333",-14.03
"MOZ",2023,110.014915387542,117.7734704544,"-1410783889",-6.588
"MRT",2023,110.876840250195,132.1355702114,"-1556382816",-16.09
"MUS",2023,98.7572489200942,116.8733696,"-2512950924",-15.5
"MWI",2023,108.332036286183,122.2457487264,"-1040389964",-11.4
"MYS",2023,109.1903339691,119.2518600625,"-36684490916",-8.44
"NAM",2023,99.0331455936363,106.5517255233,"-845562810",-7
"NER",2023,118.077672058843,140.161893696,"-2696951245",-15.8
"NGA",2023,107.937088332374,108.6683238481,"-3724707733",-0.67
"NIC",2023,115.022349206079,102.1089497,"1675820453",12.6
"NLD",2023,106.217692840383,106.263895578633,"-388218706",-0.043
"NOR",2023,109.647799480948,107.508109149418,"8697157302",1.99
"NPL",2023,113.120438405636,128.767316496,"-4788772636",-12.15
"NRU",2023,105.558889333333,105.6356762587,"-68816",-0.073
"NZL",2023,108.706890775294,110.788766447263,"-4208526200",-1.88
"OMN",2023,108.158042895655,117.6607687759,"-7892355051",-8.08
"PAK",2023,112.826776685614,113.859238912,"-3349431287",-0.91
"PAN",2023,105.9853884933,119.7076675328,"-8783155787",-11.46
"PER",2023,106.308618686939,114.640892352,"-17916069746",-7.27
"PHL",2023,108.061541992566,127.0834318008,"-75369442480",-14.968
"PLW",2023,86.8372521244174,108.24279984,"-57827119",-19.8
"PNG",2023,104.334861532736,112.33244169,"-1976990551",-7.12
"POL",2023,110.011565153676,113.7568106668,"-21404194851",-3.29
"PRI",2023,103.355800746192,97.0374701195535,"6090223022",6.51
"PRT",2023,102.842798731201,106.2409229,"-7556149823",-3.199
"PRY",2023,108.289580504859,115.4167709796,"-2899127307",-6.18
"QAT",2023,105.175523993264,111.559133952,"-10693512387",-5.722
"ROU",2023,108.644928545483,113.3173825894,"-10185255643",-4.12
"RUS",2023,96.2385518653044,107.1857477312,"-159998754084",-10.21
"RWA",2023,121.21710431773,136.1748672,"-1672711224",-10.98
"SAU",2023,111.105328870285,109.2005920768,"12935586053",1.744
"SDN",2023,96.7192384449668,98.4008256336,"-1417652070",-1.709
"SEN",2023,121.679999582704,130.8345924,"-2065334202",-7
"SGP",2023,108.668200280317,107.319965606837,"4716905114",1.256
"SLB",2023,94.4798300762842,111.4620731536,"-252639956",-15.236
"SLE",2023,109.741756287863,121.31921025,"-587753964",-9.54
"SLV",2023,105.689580043683,110.3812890625,"-1209512034",-4.25
"SMR",2023,102.296478846618,102.315705270947,"-290072",-0.019
"SOM",2023,110.866189561836,114.4196847,"-243333298",-3.11
"SRB",2023,113.126332713656,116.8733696,"-1709236182",-3.21
"STP",2023,108.259365254741,117.545571,"-33407401",-7.9
"SUR",2023,84.7237998139545,109.0940567525,"-1280968311",-22.34
"SVK",2023,102.856210257841,111.404633710713,"-8505446201",-7.67
"SVN",2023,111.271324149796,110.607973887015,"334216472",0.6
"SWE",2023,105.324900371118,107.67754525443,"-12935342257",-2.18
"SWZ",2023,110.17755813793,110.488978125,"-13717540",-0.282
"SYC",2023,116.304452391931,114.0884606884,"36759916",1.94
"SYR",2023,87.1895044856802,NA,NA,NA
"TCD",2023,103.540676952583,121.432883456,"-1883343903",-14.7
"TGO",2023,118.576887766227,123.8824650625,"-270492940",-4.283
"THA",2023,101.992927970325,111.7877738796,"-45093528621",-8.76
"TJK",2023,128.084453778078,122.1294375,"651695690",5
"TLS",2023,144.16336806245,120.9722535,"454571053",19.17
"TON",2023,99.3860091432741,111.5643425262,"-59157929",-10.9
"TTO",2023,98.6790767845904,107.581552614956,"-2107703853",-8.28
"TUN",2023,101.011412171781,110.3806578672,"-4617812298",-8.488
"TUR",2023,122.10883357729,115.860992,"62252831350",5
"TUV",2023,108.544887954546,117.730479106088,"-4210761",-7.8
"TZA",2023,117.173382488618,126.6047748072,"-5688879074",-7.449
"UGA",2023,117.698615211826,126.7235406,"-3573874714",-7.122
"UKR",2023,66.8224357964497,117.3226633256,"-51482007226",-43.044
"URY",2023,105.688197919826,112.9857336,"-4051106114",-6.46
"USA",2023,105.44993271702,107.0805607434,"-324967454933",-1.523
"UZB",2023,121.330591449132,125.8903912,"-4840748849",-3.622
"VCT",2023,106.124733918973,109.5222947841,"-29278756",-3.1
"VNM",2023,120.266529909188,128.40515856,"-25632420359",-6.338241
"VUT",2023,100.472180746862,112.1141088816,"-100609441",-10.384
"WSM",2023,87.9959809906979,111.493284752572,"-220147471",-21.08
"ZAF",2023,101.515024076617,105.3010486325,"-13611424042",-3.595
"ZMB",2023,107.781832254947,113.85743616,"-1463604575",-5.33615
"ZWE",2023,104.476119162216,111.24500972,"-1395818246",-6.08
"ABW",2024,102.278216452667,105.517865202741,"-109528926",-3.07
"AGO",2024,103.776658107033,113.573673472,"-8145114653",-8.626
"ALB",2024,114.538502246762,118.7685196929,"-548535673",-4
"ARE",2024,111.36731968963,115.477203906,"-16576652692",-3.56
"ARG",2024,108.818190114582,107.147491711861,"9547218339",1.56
"ARM",2024,118.569977123942,128.725822454042,"-1306802960",-7.89
"ATG",2024,99.1814906591978,112.397154452368,"-215443845",-11.8
"AUS",2024,112.839054793149,113.532536643774,"-10345217480",-0.611
"AUT",2024,105.435497590946,108.17482288705,"-11346897539",-2.53
"AZE",2024,111.066746430564,111.167695296606,"-54121236",-0.091
"BDI",2024,111.702421860211,111.167695088016,"17153160",0.481
"BEL",2024,104.814616524738,106.823968836347,"-9949461264",-1.881
"BEN",2024,132.464797271274,138.299973573011,"-827416760",-4.22
"BFA",2024,125.655959965581,133.82255776,"-1225122705",-6.1
"BGD",2024,132.444807333244,142.099867581035,"-24897361836",-6.795
"BGR",2024,111.931062733985,116.378267014663,"-2554664186",-4
"BHR",2024,107.404973063832,112.26013719593,"-1698591075",-4.32
"BHS",2024,100.29938656226,106.606844675077,"-793148148",-5.9
"BIH",2024,114.351062504943,120.498801948199,"-1131457574",-5.102
"BLR",2024,95.7016868740085,102.933185513062,"-4267558583",-7.03
"BLZ",2024,108.448477684073,109.65207490685,"-27664922",-1.1
"BOL",2024,105.909604519045,117.511004385984,"-4430949341",-9.873
"BRA",2024,106.882590301911,112.2597076992,"-97846620522",-4.79
"BRB",2024,104.559349156589,107.849762957544,"-158274532",-3.05
"BRN",2024,107.499861752253,117.465471415451,"-1323317019",-8.48
"BTN",2024,98.2614905388732,136.097372181197,"-934903641",-27.8
"BWA",2024,114.484775844575,122.721768570754,"-1335357415",-6.712
"CAF",2024,110.589313080456,127.503004628,"-336059717",-13.27
"CAN",2024,105.483816574956,108.939500732287,"-58614038735",-3.172
"CHE",2024,106.714450623652,107.906334424381,"-8904680476",-1.1046
"CHL",2024,108.706785463461,115.364653025,"-17448990068",-5.77
"CHN",2024,124.305206512731,132.314240954545,"-1144999148162",-6.05
"CIV",2024,131.309821160806,140.780226957867,"-5669135427",-6.727
"CMR",2024,117.625237022933,124.022619164675,"-2399150518",-5.158
"COD",2024,130.020229248221,119.458031124186,"4698874558",8.84
"COG",2024,101.257881227847,114.447349291418,"-1272440048",-11.52
"COL",2024,115.726273490436,120.731875066088,"-16087702116",-4.15
"COM",2024,110.901239932346,120.842389770906,"-108641238",-8.227
"CPV",2024,105.045526947354,127.62815625,"-432485305",-17.69
"CRI",2024,114.231110507027,116.0379858816,"-1163311368",-1.557
"CYP",2024,109.910426062709,113.880572948635,"-993016619",-3.4862
"DEU",2024,101.569007542066,106.59097611567,"-180622423136",-4.71
"DJI",2024,122.288647460866,147.8836177344,"-775202696",-17.3
"DMA",2024,102.810889887994,117.291084322501,"-82084513",-12.3
"DNK",2024,108.085373023272,108.588166430057,"-1672303658",-0.463
"DOM",2024,121.379720218486,127.62815625,"-5579065542",-5
"DZA",2024,106.073947273228,111.167481595486,"-9033668306",-4.582
"ECU",2024,104.587368176324,104.681464821965,"-95698303",-0.09
"EGY",2024,124.901510217688,133.570062368,"-34504082132",-6.49
"ESP",2024,100.980709795636,108.750979643343,"-102872039248",-7.15
"EST",2024,114.641787453982,114.917940291302,"-74273125",-0.2403
"ETH",2024,130.366819765541,138.945122173015,"-7689592037",-6.174
"FIN",2024,104.538537862343,107.220884457467,"-6833121294",-2.5
"FJI",2024,98.8051423821807,114.3531156411,"-810983735",-13.6
"FRA",2024,103.180838275492,107.004293389416,"-100052650807",-3.57
"FSM",2024,99.8904437098217,103.363197353607,"-11545466",-3.36
"GAB",2024,108.45099497418,117.170392991352,"-1348040000",-7.44
"GBR",2024,99.9056239816553,107.78781890265,"-250193773411",-7.31
"GEO",2024,123.647293099696,124.379690045187,"-130058341",-0.5888
"GHA",2024,116.551551263476,128.58255350281,"-7515250918",-9.36
"GIN",2024,126.794059305911,133.82255776,"-848712886",-5.25
"GMB",2024,119.143865595409,132.061525935925,"-216697319",-10
"GNB",2024,115.827597270929,127.506605625,"-145839203",-9
"GNQ",2024,91.4930906169485,85.138654537216,"638705129",7.5
"GRC",2024,107.880195033996,107.299125003855,"1184875696",0.54
"GRD",2024,101.549670254016,116.377719165389,"-168289509",-12.74
"GTM",2024,117.061372878535,116.830440419328,"163463830",0.1977
"GUY",2024,412.273307557122,310.499173767276,"5161008709",32.8
"HKG",2024,105.464377364776,112.783415865791,"-24283982141",-6.49
"HND",2024,113.328681094722,118.768630564687,"-1325190431",-5
"HRV",2024,114.545648261043,112.809893009818,"992954072",1.54
"HTI",2024,94.3139250052734,102.285450121608,"-1233526068",-7.79
"HUN",2024,110.356400461905,114.137056380528,"-5571738251",-3.312
"IDN",2024,117.45436812032,128.725822454042,"-118274778462",-8.76
"IND",2024,122.756624709793,134.074814049178,"-303978025738",-8
"IRL",2024,142.209519282165,115.861869983844,"97817308406",22.7
"IRN",2024,115.935056505477,104.060401,"51571955207",11.41
"IRQ",2024,106.041653644198,116.237097214062,"-20570877085",-8.771
"ISL",2024,107.871140889494,110.080895830203,"-460573207",-2.01
"ISR",2024,120.026767267755,116.336460061944,"13228284537",3.1721
"ITA",2024,101.279147069694,103.333433188806,"-39404445677",-1.99
"JAM",2024,100.2846759552,108.5755863456,"-1238175194",-8
"JOR",2024,108.119613170931,112.6996192,"-1918849582",-4
"JPN",2024,101.708393748848,102.524719485069,"-37298359978",-0.8
"KAZ",2024,112.52946627,120.151880712128,"-16091448325",-6.344
"KEN",2024,125.080849052923,132.815431036576,"-6517541217",-5.824
"KGZ",2024,107.767828734698,122.36855607808,"-1156468729",-11.932
"KHM",2024,116.973958145917,138.949268081357,"-5221347238",-15.82
"KIR",2024,107.016645066205,110.479733318665,"-6130299",-3.135
"KNA",2024,98.95779343405,115.396553889252,"-173631340",-14.245
"KOR",2024,111.193988041265,114.414042902686,"-52739671071",-2.814
"KWT",2024,105.249110603398,110.624566752,"-6152881415",-4.86
"LAO",2024,114.206800873889,131.68988232745,"-3232944435",-13.3
"LBR",2024,116.906818769449,118.621019048189,"-55048697",-1.4451
"LBY",2024,101.201246219462,99.964,"754104273",1.2
"LCA",2024,99.303181422691,114.134460923904,"-293873147",-12.99
"LKA",2024,87.6042196532241,119.458029620431,"-30964214320",-26.67
"LSO",2024,100.265142619921,111.695211962694,"-273383193",-10.233
"LTU",2024,111.049038097399,112.753244791153,"-821394847",-1.51
"LUX",2024,111.728967033211,113.967651240165,"-1481384400",-1.964
"LVA",2024,110.060887978687,115.632601729351,"-1713570209",-4.818
"MAC",2024,85.3446466895675,99.8964789221241,"-7432199890",-14.6
"MAR",2024,108.775102601818,119.920150737072,"-13781136533",-9.294
"MDA",2024,110.008262159785,120.26774537689,"-939303926",-8.53
"MDG",2024,108.41436530985,127.26142065,"-2485240633",-15
"MDV",2024,123.896149056815,131.192235491328,"-395816100",-5.6
"MEX",2024,102.024794084334,110.294839143007,"-103587870018",-7
"MHL",2024,105.516273656236,109.3770627826,"-8607757",-3.53
"MKD",2024,104.743462771085,116.83044063223,"-1351987688",-10.35
"MLI",2024,112.117707544599,127.142647884105,"-2408308784",-11.82
"MLT",2024,115.010699935504,119.3781656565,"-624674072",-3.659
"MMR",2024,92.1800046293428,138.819165770419,"-39030910265",-33.6
"MNE",2024,108.044252495085,116.490597225062,"-403714701",-7.251
"MNG",2024,112.98940104344,130.32435324575,"-2457154293",-13.3
"MOZ",2024,118.816108618546,122.955503154394,"-752690556",-3.367
"MRT",2024,119.63611062996,143.631364819792,"-1756727770",-16.71
"MUS",2024,102.905053374738,121.548304384,"-2586071029",-15.34
"MWI",2024,112.015325519914,128.724773408899,"-1249439498",-13
"MYS",2024,113.448756993895,124.618193765312,"-40723951613",-8.96
"NAM",2024,100.914775359915,108.576208308243,"-861628503",-7
"NER",2024,130.003516936787,156.841159045824,"-3277444571",-17.1
"NGA",2024,111.067263894013,110.95035864891,"595482387",0.11
"NIC",2024,117.897907936231,103.130039197,"1916481904",14.3
"NLD",2024,108.024455795598,107.88123206934,"1203437974",0.133
"NOR",2024,112.102813711327,109.32284603186,"11299680073",2.54
"NPL",2024,118.663339887512,137.265959384736,"-5693385907",-13.55
"NRU",2024,108.514538234667,107.745220713586,"689462",0.714
"NZL",2024,110.888638073154,113.5474067318,"-5374719399",-2.34
"OMN",2024,110.753835925151,122.720181833264,"-9938479944",-9.75
"PAK",2024,116.437233539553,118.299749229568,"-6042224273",-1.57
"PAN",2024,110.754730975498,125.453635574374,"-9408259999",-11.72
"PER",2024,109.072642772799,118.767964476672,"-20846898078",-8.16
"PHL",2024,114.437172970128,134.96260457245,"-81326847759",-15.208
"PLW",2024,90.7449284700161,110.4076558368,"-53118887",-17.8
"PNG",2024,107.777911963316,115.7024149407,"-1958925975",-6.85
"POL",2024,112.431819587057,117.283271797471,"-27726200608",-4.14
"PRI",2024,101.702107934253,96.3067779695533,"5200545002",5.6
"PRT",2024,105.31102590075,107.8345367435,"-5611338804",-2.34
"PRY",2024,112.837742886063,119.802608276825,"-2833098332",-5.81
"QAT",2024,108.225614189069,115.129026238464,"-11564259524",-5.996
"ROU",2024,113.208015544393,116.830221449671,"-7895870733",-3.1
"RUS",2024,97.682130143284,109.115091190362,"-167098455662",-10.48
"RWA",2024,129.702301619971,147.068856576,"-1942083962",-11.81
"SAU",2024,113.660751434302,111.821406286643,"12491493586",1.645
"SDN",2024,99.137219406091,98.5976272848672,"454899926",0.547
"SEN",2024,134.456399538888,139.993013868,"-1249095308",-3.95
"SGP",2024,111.513133763656,110.004037946664,"5279690485",1.372
"SLB",2024,96.747345998115,114.471549128747,"-263677882",-15.484
"SLE",2024,114.570393564529,127.3851707625,"-650569298",-10.06
"SLV",2024,107.803371644557,113.140821289062,"-1375982515",-4.718
"SMR",2024,103.403326747739,102.826260640249,"8706283",0.561
"SOM",2024,114.968238575624,118.4243736645,"-236666358",-2.92
"SRB",2024,117.085754358633,121.548304384,"-2035622333",-3.67
"STP",2024,110.857590020855,122.835121695,"-43089526",-9.75
"SUR",2024,87.2655138083732,111.385031944302,"-1267788784",-21.65
"SVK",2024,106.353321406607,114.189749553481,"-7797030456",-6.86
"SVN",2024,114.570518910837,112.957287252376,"812796230",1.43
"SWE",2024,107.584119484078,109.817098078636,"-12277391534",-2.03
"SWZ",2024,113.152352207654,113.251202578125,"-4354197",-0.087
"SYC",2024,121.887066106744,117.967468351806,"65020136",3.32
"TCD",2024,106.957519292018,127.261661861888,"-2137225674",-16
"TGO",2024,126.165808583265,130.696000640937,"-230961665",-3.466
"THA",2024,105.766666305227,115.029619322108,"-42644799199",-8.05
"TJK",2024,133.207831929202,128.235909375,"544109428",4
"TLS",2024,147.911615632074,127.020866175,"409481396",16.45
"TON",2024,102.566361435859,113.78001036877,"-54471841",-9.9
"TTO",2024,102.156527450479,109.369558019417,"-1707719584",-6.6
"TUN",2024,104.647823009966,113.250554971747,"-4240021315",-7.596
"TUR",2024,126.993186920382,120.49543168,"64742944604",5
"TUV",2024,112.886683472727,120.963358062341,"-3702423",-6.68
"TZA",2024,124.320958820424,134.454270845246,"-6112266862",-7.537
"UGA",2024,124.878230739747,134.326953036,"-3741698489",-7.034
"UKR",2024,69.5621556641042,122.250215185275,"-53712373067",-43.099
"URY",2024,108.330402867821,116.6012770752,"-4591438882",-7.09
"USA",2024,107.137131640492,108.900930276038,"-351506992603",-1.62
"UZB",2024,127.518451613038,133.443814672,"-6290450452",-4.44
"VCT",2024,111.218721147084,112.041307564134,"-7088705",-0.73
"VNM",2024,128.083854353286,136.62308870784,"-26894118642",-6.250213
"VUT",2024,103.988707073002,115.365418039166,"-98317436",-9.861
"WSM",2024,91.0758403253723,113.984044733944,"-214628168",-20.1
"ZAF",2024,103.342294509996,106.880564361987,"-12720702314",-3.31
"ZMB",2024,112.2008873774,118.4117336064,"-1496184264",-5.245127
"ZWE",2024,108.237259452056,114.35986999216,"-1262548335",-5.35
